path	@id
/id	
/geometry	
/geometry/type	
/geometry/coordinates	
/geometry/bbox	
/properties	
/properties/theme	
/properties/type	
/properties/version	
/properties/sources	
/properties/sources/between	
/properties/sources/property	
/properties/sources/dataset	
/properties/sources/license	
/properties/sources/record_id	
/properties/sources/update_time	
/properties/sources/confidence	
/properties/names	
/properties/names/primary	
/properties/names/common	
/properties/names/rules	
/properties/names/rules/side	
/properties/names/rules/variant	
/properties/names/rules/language	
/properties/names/rules/perspectives	
/properties/names/rules/perspectives/mode	
/properties/names/rules/perspectives/countries	
/properties/names/rules/value	
/properties/categories	
/properties/categories/primary	
/properties/categories/alternate	
/properties/basic_category	
/properties/confidence	
/properties/websites	
/properties/socials	
/properties/emails	
/properties/phones	
/properties/brand	
/properties/brand/names	
/properties/brand/wikidata	
/properties/addresses	
/properties/addresses/freeform	
/properties/addresses/locality	
/properties/addresses/postcode	
/properties/addresses/region	
/properties/addresses/country	
/properties/operating_status	
